titre;auteur;editeur;type;dateParution;genre;nombreExemplaire;;titre;auteur;editeur;type;dateParution;genre;nombreExemplaire
Sgt. Pepper's Lonely Hearts Club Band;The Beatles;Parlophone;Cassette Audio;1967;Rock;3;;Sgt. Pepper's Lonely Hearts Club Band;The Beatles;Parlophone;Cassette Audio;1967;Rock;3
The Dark Side of the Moon;Pink Floyd;Harvest Records;Cassette Audio;1973;Rock Progressif;1;;The Dark Side of the Moon;Pink Floyd;Harvest Records;Cassette Audio;1973;Rock Progressif;1
The Best of The Doors;The Doors;Elektra Records;Cassette Audio;1973;Rock;3;;The Best of The Doors;The Doors;Elektra Records;Cassette Audio;1973;Rock;3
The Best of Elton John;Elton John;MCA Records;Cassette Audio;1974;Pop;2;;The Best of Elton John;Elton John;MCA Records;Cassette Audio;1974;Pop;2
The Best of ABBA;ABBA;Polar Music;Cassette Audio;1975;Pop;2;;The Best of ABBA;ABBA;Polar Music;Cassette Audio;1975;Pop;2
Rumours;Fleetwood Mac;Warner Bros;Cassette Audio;1977;Rock;2;;Rumours;Fleetwood Mac;Warner Bros;Cassette Audio;1977;Rock;2
The Best of Queen;Queen;EMI Records;Cassette Audio;1981;Rock;3;;The Best of Queen;Queen;EMI Records;Cassette Audio;1981;Rock;3
The Joshua Tree;U2;Island Records;Cassette Audio;1987;Rock;3;;The Joshua Tree;U2;Island Records;Cassette Audio;1987;Rock;3
The Immaculate Collection;Madonna;Sire Records;Cassette Audio;1990;Pop;2;;The Immaculate Collection;Madonna;Sire Records;Cassette Audio;1990;Pop;2
The Bodyguard;Whitney Houston;Arista Records;Cassette Audio;1992;Soundtrack;2;;The Bodyguard;Whitney Houston;Arista Records;Cassette Audio;1992;Soundtrack;2
The Marshall Mathers LP;Eminem;Aftermath Entertainment;Cassette Audio;2000;Hip-Hop;3;;The Marshall Mathers LP;Eminem;Aftermath Entertainment;Cassette Audio;2000;Hip-Hop;3
Back to Black;Amy Winehouse;Island Records;Cassette Audio;2006;Soul;3;;Back to Black;Amy Winehouse;Island Records;Cassette Audio;2006;Soul;3
Led Zeppelin IV;Led Zeppelin;Atlantic Records;CD;1971;Rock;3;;Led Zeppelin IV;Led Zeppelin;Atlantic Records;CD;1971;Rock;3
The Best of The Doors;The Doors;Elektra Records;CD;1973;Rock;3;;The Best of The Doors;The Doors;Elektra Records;CD;1973;Rock;3
The Best of ABBA;ABBA;Polar Music;CD;1975;Pop;2;;The Best of ABBA;ABBA;Polar Music;CD;1975;Pop;2
Bat Out of Hell;Meat Loaf;Cleveland International Records;CD;1977;Rock;2;;Bat Out of Hell;Meat Loaf;Cleveland International Records;CD;1977;Rock;2
Back in Black;AC/DC;Atlantic Records;CD;1980;Hard Rock;3;;Back in Black;AC/DC;Atlantic Records;CD;1980;Hard Rock;3
The Best of David Bowie;David Bowie;EMI Records;CD;1980;Rock;3;;The Best of David Bowie;David Bowie;EMI Records;CD;1980;Rock;3
The Best of Queen;Queen;EMI Records;CD;1981;Rock;3;;The Best of Queen;Queen;EMI Records;CD;1981;Rock;3
Thriller;Michael Jackson;Epic Records;CD;1982;Musique Pop;3;;Thriller;Michael Jackson;Epic Records;CD;1982;Musique Pop;3
The Best of Bob Marley;Bob Marley;Island Records;CD;1984;Reggae;3;;The Best of Bob Marley;Bob Marley;Island Records;CD;1984;Reggae;3
Nevermind;Nirvana;DGC Records;CD;1991;Grunge;3;;Nevermind;Nirvana;DGC Records;CD;1991;Grunge;3
American Idiot;Green Day;Reprise Records;CD;2004;Punk Rock;3;;American Idiot;Green Day;Reprise Records;CD;2004;Punk Rock;3
The Essential Michael Jackson;Michael Jackson;Epic Records;CD;2005;Pop;3;;The Essential Michael Jackson;Michael Jackson;Epic Records;CD;2005;Pop;3
21;Adele;XL Recordings;CD;2011;Pop;4;;21;Adele;XL Recordings;CD;2011;Pop;4
Le Parrain;Francis Ford Coppola;Paramount Pictures;DVD;1972;Drame;5;;Le Parrain;Francis Ford Coppola;Paramount Pictures;DVD;1972;Drame;5
Le Parrain II;Francis Ford Coppola;Paramount Pictures;DVD;1974;Drame;3;;Le Parrain II;Francis Ford Coppola;Paramount Pictures;DVD;1974;Drame;3
Le Grand Bleu;Luc Besson;Gaumont;DVD;1988;Drame;4;;Le Grand Bleu;Luc Besson;Gaumont;DVD;1988;Drame;4
La Liste de Schindler;Steven Spielberg;Universal Pictures;DVD;1993;Drame;2;;La Liste de Schindler;Steven Spielberg;Universal Pictures;DVD;1993;Drame;2
Gladiator;Ridley Scott;DreamWorks Pictures;DVD;2000;Action;5;;Gladiator;Ridley Scott;DreamWorks Pictures;DVD;2000;Action;5
Le Fabuleux Destin d'Amélie Poulain;Jean-Pierre Jeunet;UGC-Fox Distribution;DVD;2001;Comédie;4;;Le Fabuleux Destin d'Amélie Poulain;Jean-Pierre Jeunet;UGC-Fox Distribution;DVD;2001;Comédie;4
Le Voyage de Chihiro;Hayao Miyazaki;Studio Ghibli;DVD;2001;Animation;3;;Le Voyage de Chihiro;Hayao Miyazaki;Studio Ghibli;DVD;2001;Animation;3
Le Pianiste;Roman Polanski;Focus Features;DVD;2002;Drame;2;;Le Pianiste;Roman Polanski;Focus Features;DVD;2002;Drame;2
Le Seigneur des Anneaux : Le Retour du roi;Peter Jackson;New Line Cinema;DVD;2003;Fantastique;4;;Le Seigneur des Anneaux : Le Retour du roi;Peter Jackson;New Line Cinema;DVD;2003;Fantastique;4
Avatar;James Cameron;20th Century Fox;DVD;2009;Science-Fiction;5;;Avatar;James Cameron;20th Century Fox;DVD;2009;Science-Fiction;5
Inception;Christopher Nolan;Warner Bros;DVD;2010;Science-Fiction;4;;Inception;Christopher Nolan;Warner Bros;DVD;2010;Science-Fiction;4
Le Loup de Wall Street;Martin Scorsese;Paramount Pictures;DVD;2013;Biographie;5;;Le Loup de Wall Street;Martin Scorsese;Paramount Pictures;DVD;2013;Biographie;5
La La Land;Damien Chazelle;Lionsgate;DVD;2016;Musical;3;;La La Land;Damien Chazelle;Lionsgate;DVD;2016;Musical;3
Les Liaisons dangereuses;Pierre Choderlos de Laclos;Durand Neveu;Livre;1782;Roman Épistolaire;2;;Les Liaisons dangereuses;Pierre Choderlos de Laclos;Durand Neveu;Livre;1782;Roman Épistolaire;2
Le Père Goriot;Honoré de Balzac;Werdet et Lecou;Livre;1835;Roman Réaliste;3;;Le Père Goriot;Honoré de Balzac;Werdet et Lecou;Livre;1835;Roman Réaliste;3
Les Trois Mousquetaires;Alexandre Dumas;Baudry;Livre;1844;Aventure;5;;Les Trois Mousquetaires;Alexandre Dumas;Baudry;Livre;1844;Aventure;5
Les Hauts de Hurlevent;Emily Brontë;Thomas Cautley Newby;Livre;1847;Roman Gothique;2;;Les Hauts de Hurlevent;Emily Brontë;Thomas Cautley Newby;Livre;1847;Roman Gothique;2
Moby Dick;Herman Melville;Richard Bentley;Livre;1851;Aventure;2;;Moby Dick;Herman Melville;Richard Bentley;Livre;1851;Aventure;2
Les Misérables;Victor Hugo;Hachette;Livre;1862;Roman Historique;3;;Les Misérables;Victor Hugo;Hachette;Livre;1862;Roman Historique;3
L'Odyssée;Homère;Traduction par Leconte de Lisle;Livre;1867;Épopée;2;;L'Odyssée;Homère;Traduction par Leconte de Lisle;Livre;1867;Épopée;2
Guerre et Paix;Léon Tolstoï;Fayard;Livre;1869;Roman Historique;2;;Guerre et Paix;Léon Tolstoï;Fayard;Livre;1869;Roman Historique;2
Le Tour du monde en quatre-vingts jours;Jules Verne;Pierre-Jules Hetzel;Livre;1873;Aventure;2;;Le Tour du monde en quatre-vingts jours;Jules Verne;Pierre-Jules Hetzel;Livre;1873;Aventure;2
Les Contes de la bécasse;Guy de Maupassant;Victor Havard;Livre;1883;Nouvelles;3;;Les Contes de la bécasse;Guy de Maupassant;Victor Havard;Livre;1883;Nouvelles;3
Le Portrait de Dorian Gray;Oscar Wilde;Ward, Lock and Company;Livre;1890;Roman Gothique;2;;Le Portrait de Dorian Gray;Oscar Wilde;Ward, Lock and Company;Livre;1890;Roman Gothique;2
Le Meilleur des mondes;Aldous Huxley;Chatto & Windus;Livre;1932;Dystopie;4;;Le Meilleur des mondes;Aldous Huxley;Chatto & Windus;Livre;1932;Dystopie;4
Le Petit Prince;Antoine de Saint-Exupéry;Gallimard;Livre;1943;Littérature;5;;Le Petit Prince;Antoine de Saint-Exupéry;Gallimard;Livre;1943;Littérature;5
1984;George Orwell;Secker & Warburg;Livre;1949;Dystopie;2;;1984;George Orwell;Secker & Warburg;Livre;1949;Dystopie;2
Le Grand Bleu;Luc Besson;Gaumont;VHS;1988;Drame;4;;Le Grand Bleu;Luc Besson;Gaumont;VHS;1988;Drame;4
Le Silence des agneaux;Jonathan Demme;Orion Pictures;VHS;1991;Thriller;4;;Le Silence des agneaux;Jonathan Demme;Orion Pictures;VHS;1991;Thriller;4
Le Roi Lion;Roger Allers; Walt Disney Pictures;VHS;1994;Animation;6;;Le Roi Lion;Roger Allers; Walt Disney Pictures;VHS;1994;Animation;6
Forrest Gump;Robert Zemeckis;Paramount Pictures;VHS;1994;Drame;4;;Forrest Gump;Robert Zemeckis;Paramount Pictures;VHS;1994;Drame;4
Titanic;James Cameron;20th Century Fox;VHS;1997;Romance;3;;Titanic;James Cameron;20th Century Fox;VHS;1997;Romance;3
Gladiator;Ridley Scott;DreamWorks Pictures;VHS;2000;Action;5;;Gladiator;Ridley Scott;DreamWorks Pictures;VHS;2000;Action;5
Le Voyage de Chihiro;Hayao Miyazaki;Studio Ghibli;VHS;2001;Animation;3;;Le Voyage de Chihiro;Hayao Miyazaki;Studio Ghibli;VHS;2001;Animation;3
Le Fabuleux Destin d'Amélie Poulain;Jean-Pierre Jeunet;UGC-Fox Distribution;VHS;2001;Comédie;4;;Le Fabuleux Destin d'Amélie Poulain;Jean-Pierre Jeunet;UGC-Fox Distribution;VHS;2001;Comédie;4
Le Voyage de Chihiro;Hayao Miyazaki;Studio Ghibli;VHS;2001;Animation;3;;Le Pianiste;Roman Polanski;Focus Features;VHS;2002;Drame;2
Le Fabuleux Destin d'Amélie Poulain;Jean-Pierre Jeunet;UGC-Fox Distribution;VHS;2001;Comédie;4;;La Reine des neiges;Chris Buck; Walt Disney Pictures;VHS;2013;Animation;6
Le Voyage de Chihiro;Hayao Miyazaki;Studio Ghibli;VHS;2001;Animation;3;;Interstellar;Christopher Nolan;Paramount Pictures;VHS;2014;Science-Fiction;4
Le Pianiste;Roman Polanski;Focus Features;VHS;2002;Drame;2;;Le Roi Lion;Jon Favreau; Walt Disney Pictures;VHS;2019;Animation;5
La Reine des neiges;Chris Buck; Walt Disney Pictures;VHS;2013;Animation;6;;The Beatles;The Beatles;Apple Records;Vinyle;1968;Rock;3
Interstellar;Christopher Nolan;Paramount Pictures;VHS;2014;Science-Fiction;4;;Abbey Road;The Beatles;Apple Records;Vinyle;1969;Rock;2
Le Roi Lion;Jon Favreau; Walt Disney Pictures;VHS;2019;Animation;5;;Hotel California;Eagles;Asylum Records;Vinyle;1976;Rock;2
The Beatles;The Beatles;Apple Records;Vinyle;1968;Rock;3;;Their Greatest Hits (1971-1975);Eagles;Asylum Records;Vinyle;1976;Rock;3
Abbey Road;The Beatles;Apple Records;Vinyle;1969;Rock;2;;The Wall;Pink Floyd;Harvest Records;Vinyle;1979;Rock Progressif;3
Hotel California;Eagles;Asylum Records;Vinyle;1976;Rock;2;;The Best of David Bowie;David Bowie;EMI Records;Vinyle;1980;Rock;3
Their Greatest Hits (1971-1975);Eagles;Asylum Records;Vinyle;1976;Rock;3;;Born in the U.S.A.;Bruce Springsteen;Columbia Records;Vinyle;1984;Rock;3
The Wall;Pink Floyd;Harvest Records;Vinyle;1979;Rock Progressif;3;;The Chronic;Dr. Dre;Death Row Records;Vinyle;1992;Hip-Hop;2
The Best of David Bowie;David Bowie;EMI Records;Vinyle;1980;Rock;3;;Hybrid Theory;Linkin Park;Warner Bros;Vinyle;2000;Rock Alternatif;3
Born in the U.S.A.;Bruce Springsteen;Columbia Records;Vinyle;1984;Rock;3;;The Very Best of Prince;Prince;Warner Bros;Vinyle;2001;Funk;3
The Chronic;Dr. Dre;Death Row Records;Vinyle;1992;Hip-Hop;2;;The Eminem Show;Eminem;Aftermath Entertainment;Vinyle;2002;Hip-Hop;3
Hybrid Theory;Linkin Park;Warner Bros;Vinyle;2000;Rock Alternatif;3;;;;;;;;
The Very Best of Prince;Prince;Warner Bros;Vinyle;2001;Funk;3;;;;;;;;
The Very Best of Prince;Prince;Warner Bros;Vinyle;2001;Funk;3;;;;;;;;
The Very Best of Prince;Prince;Warner Bros;Vinyle;2001;Funk;3;;;;;;;;
The Eminem Show;Eminem;Aftermath Entertainment;Vinyle;2002;Hip-Hop;3;;;;;;;;
